region,ages,year,population
CA,total,2006,36021202
NM,total,2001,1831690
PR,total,1995,NaN
LA,under18,2003,1188070
NC,total,2002,8326201
ND,total,1994,644806
ND,under18,2009,148674
MT,total,2009,983982
KS,under18,2008,714689
WV,under18,2006,390637
MT,under18,1993,234987
RI,total,2004,1074579
OR,total,1996,3247111
MA,under18,2006,1450202
NY,under18,1997,4670787
NC,under18,2008,2252101
ID,under18,1998,362189
PA,total,2006,12510809
AL,under18,2010,1130966
MD,total,2002,5440389
WI,under18,2007,1348901
LA,under18,2002,1194819
OH,total,2007,11500468
GA,under18,2002,2249784
OR,total,2011,3867937
MT,total,1990,800204
USA,under18,1994,68640936
UT,under18,1991,637216
PR,under18,2001,1077566
ME,under18,1999,302321
AK,total,2000,627963
CT,total,2007,3527270
MD,total,1998,5204464
DC,total,2012,633427
VT,under18,2006,136731
CT,total,2013,3596080
UT,total,1994,1960446
IL,total,2002,12525556
KS,total,2006,2762931
NV,total,1996,1666320
UT,total,2008,2663029
CT,under18,2001,845850
USA,under18,1997,70920738
AR,total,2005,2781097
OR,under18,2001,848663
ND,total,1991,635753
AR,under18,1995,667671
IL,under18,1997,3222114
CA,total,2000,33987977
NE,total,2013,1868516
CO,total,1991,3387119
TN,total,2012,6454914
AL,total,2006,4628981
AK,total,1991,570193
UT,under18,2012,888578
NY,total,1994,18459470
RI,total,1998,1031155
ME,total,2010,1327366
WA,total,2013,6971406
OK,under18,2005,885316
AK,total,2009,698895
AR,total,2001,2691571
MS,total,1994,2688992
WV,total,1995,1823700
NM,total,2008,2010662
SC,under18,1999,1007050
PA,under18,1992,2873013
IN,under18,1994,1491802
WV,under18,2005,390431
PA,total,1995,12198403
VA,total,2011,8105850
ME,under18,2002,298595
DC,under18,1994,122170
DC,under18,1997,119531
MA,total,2005,6403290
CA,total,1991,30470736
WI,under18,2013,1307776
VT,total,2005,621215
NM,under18,2012,512314
NM,total,2005,1932274
SD,total,2004,770396
MO,under18,1995,1393554
AL,under18,2005,1117229
GA,under18,1996,1993171
DE,total,1994,717545
VA,under18,2007,1834386
WI,under18,2005,1349866
OK,under18,2009,922711
LA,under18,1999,1227167
NE,total,1992,1611687
WY,total,1994,480283
SD,total,2011,823772
CA,total,1998,32987675
UT,total,2004,2401580
ID,under18,1995,349248
CA,under18,2011,9252336
ND,total,2006,649422
WY,under18,1993,137458
SC,under18,2013,1079798
AR,total,2004,2749686
MN,under18,2001,1291261
VA,under18,2011,1857585
OR,under18,1998,837928
ID,total,2011,1583930
WA,under18,2002,1517655
WA,under18,1991,1326527
DC,under18,2003,111403
NY,total,2011,19502728
OH,under18,1995,2879930
ME,total,2012,1328501
CA,total,1997,32486010
GA,total,2013,9992167
MN,under18,2011,1280424
UT,total,1998,2165961
GA,total,1992,6817203
AK,total,1999,624779
CT,under18,2004,848979
MD,under18,1991,1208898
VT,under18,2009,130450
VA,total,2003,7366977
WI,under18,1991,1314855
AR,total,1995,2535399
NH,under18,2007,300918
OR,total,2006,3670883
OK,under18,1996,887093
MS,total,1997,2777004
OH,under18,1999,2893270
ID,total,2001,1319962
MS,total,1993,2655100
DE,under18,2012,204586
MD,total,2013,5928814
NJ,total,2012,8867749
OK,total,2003,3504892
WA,total,2001,5985722
CA,total,2001,34479458
OH,total,1990,10864162
GA,total,1993,6978240
LA,under18,1998,1232984
NH,total,1997,1189425
PA,total,1994,12166050
MN,total,2010,5310337
UT,under18,1993,662968
NE,total,1993,1625590
AZ,total,2001,5273477
SC,under18,1991,936122
NE,total,1990,1581660
AL,under18,2004,1113662
KY,under18,1991,951512
KY,total,2013,4395295
SD,total,1990,697101
MN,total,1997,4763390
VA,under18,1994,1628711
NH,under18,2009,290850
PR,total,1994,NaN
WA,under18,1994,1409922
AR,under18,1999,681940
NM,under18,1993,487742
MA,total,1991,6018470
TX,total,2013,26448193
AL,total,2002,4480089
VA,total,1990,6216884
NC,total,1999,7949362
USA,total,2009,306771529
IN,total,2010,6489965
KY,under18,2003,998485
HI,under18,2013,307266
HI,total,1999,1210300
MN,under18,1992,1213068
ME,under18,2006,288945
DE,under18,2002,196946
AL,under18,1999,1121287
AZ,under18,2001,1399015
MS,total,2001,2852994
TX,total,2010,25245178
SD,total,2013,844877
ND,under18,2004,149128
LA,total,2013,4625470
PA,under18,2010,2785316
AR,total,2007,2848650
SC,under18,2012,1077455
KS,under18,1998,710402
MS,under18,2003,759447
MN,total,2001,4982796
WA,total,2005,6257305
UT,total,1995,2014179
SD,total,2001,757972
OK,total,2005,3548597
USA,total,2006,298379912
NY,under18,2010,4318033
AL,under18,1996,1112092
DE,under18,2003,198045
ME,total,2001,1285692
IL,total,1995,12008437
NY,under18,1992,4465539
IL,under18,2010,3122092
OH,under18,2007,2790347
WI,under18,2008,1345573
IA,total,2007,2999212
WY,total,2007,534876
KY,under18,1996,987062
HI,under18,2012,305981
WY,under18,2002,125495
MN,total,2012,5379646
OR,under18,2005,849323
KS,under18,2001,710923
IA,under18,2013,724032
AR,total,1994,2494019
CA,under18,2005,9405565
SC,under18,2001,1016134
CT,under18,2000,842242
DE,under18,1991,169910
CO,under18,1991,896537
AK,total,1993,599434
PA,total,2001,12298970
CA,under18,1996,9079519
CT,under18,2008,826626
NV,under18,1999,493701
NJ,total,2002,8552643
TX,total,1993,18161612
MI,under18,1996,2569745
MO,total,2007,5887612
DE,total,1995,729735
AR,under18,2013,709866
WI,total,2013,5742713
CO,total,2011,5118400
PR,total,2000,3810605
WA,under18,2012,1588451
NV,under18,2003,568963
PA,total,1993,12119724
SD,total,2006,783033
OR,total,1993,3060367
CO,total,2003,4528732
OR,under18,1997,830002
DC,under18,2007,104126
VA,under18,2008,1838361
KY,total,2007,4256672
MS,total,2004,2889010
NV,total,2007,2601072
AK,under18,2005,185304
IN,total,2004,6233007
FL,under18,2011,4002550
VT,under18,2010,128601
WV,under18,2013,381678
CO,total,1997,4018293
HI,under18,1992,295124
NE,total,2001,1719836
ID,under18,1992,324972
VA,total,1999,7000174
NH,total,1996,1174719
KS,total,2000,2693681
WY,total,2006,522667
USA,total,1997,272646932
PR,under18,2010,896945
TN,total,1994,5231438
KY,total,2001,4068132
NV,total,2013,2790136
MT,under18,1995,236583
FL,total,2001,16356966
OK,under18,2008,910617
GA,under18,1992,1817781
DC,under18,2010,101309
MO,under18,2006,1428324
MA,total,2006,6410084
USA,under18,2009,74134167
CO,total,2001,4425687
DE,total,1998,763335
IN,total,2013,6570902
CT,total,2011,3588948
NH,under18,2011,280486
NE,total,2006,1772693
CO,total,2008,4889730
NJ,total,1998,8287418
MD,under18,1990,1180426
TN,total,2003,5847812
IN,total,2002,6155967
CT,total,2006,3517460
MT,under18,1996,235294
TN,under18,2000,1399685
FL,total,2004,17415318
USA,under18,2004,73297735
CO,under18,2001,1126647
GA,under18,1990,1747363
ME,under18,2000,301407
AL,under18,2013,1111481
VA,under18,1998,1706261
KY,total,1992,3765469
NJ,total,1990,7762963
PA,total,2008,12612285
SC,under18,2004,1029111
LA,total,2004,4552238
MS,total,1998,2804834
PR,under18,2005,1019447
AL,under18,2008,1134927
DC,total,2013,646449
GA,under18,2007,2456249
NM,under18,1991,461811
IN,under18,2011,1598091
ID,total,2010,1570718
TN,under18,2005,1449326
FL,total,2005,17842038
AZ,total,1999,5023823
SD,under18,2000,202681
NH,total,2013,1323459
OR,under18,2004,846786
DE,total,2012,917053
KS,total,1996,2614554
VA,total,2012,8186628
DE,total,1993,706378
NE,under18,2008,453787
MD,under18,1998,1338727
NV,total,1998,1853192
VT,total,1996,593701
FL,total,1990,13033307
NH,under18,2008,296029
KY,under18,2002,995251
OK,total,1998,3405194
VT,total,2003,617858
ME,under18,2013,261276
KS,under18,2002,709416
VA,total,1997,6829183
LA,under18,2011,1116579
CA,under18,2000,9267089
NJ,under18,2003,2126014
AR,under18,2006,697842
AR,total,2009,2896843
KY,total,2004,4146101
NM,total,1999,1808082
SC,under18,1998,1006371
RI,under18,2008,229798
NC,total,2006,8917270
NE,total,2000,1713820
ID,total,2002,1340372
SD,under18,2013,207959
RI,total,1994,1015960
MS,under18,2002,763148
OH,total,1997,11277357
OK,total,1995,3308208
ME,total,1994,1242662
ME,under18,2007,286185
DC,under18,1991,116825
CO,total,2013,5268367
MN,under18,2009,1284103
MS,total,2012,2986450
NJ,total,1996,8149596
KY,under18,2006,1011295
USA,total,1993,259918595
AK,under18,1997,188280
AZ,total,1998,4883342
AR,total,1997,2601091
NH,under18,1993,290409
OH,under18,2000,2886585
NY,total,2007,19132335
CO,under18,1992,925577
NC,total,1995,7344674
CT,under18,1996,811855
OH,under18,2001,2878123
NM,total,1994,1682398
SC,under18,2002,1020531
RI,total,1992,1012581
TN,under18,2002,1414857
MN,under18,2003,1283687
MI,total,2002,10015710
KY,total,2012,4379730
PA,under18,1999,2930193
ND,under18,2012,156765
PA,under18,2012,2737905
KS,total,1990,2481349
SC,total,2000,4024223
WA,under18,1993,1387716
WA,total,2002,6052349
VT,under18,2011,126500
NC,total,1992,6897214
KS,total,2004,2734373
AK,total,2006,675302
USA,total,2005,295516599
AK,under18,2011,188329
MT,under18,2008,223814
DC,under18,1992,118636
MI,total,1997,9809051
NV,under18,1991,325033
AZ,under18,2010,1628563
OH,total,2005,11463320
PR,under18,1993,NaN
TX,under18,2002,6060372
IL,total,1991,11568964
MI,total,1992,9479065
USA,under18,2013,73585872
AR,total,2012,2949828
DC,total,2011,619624
AK,under18,1994,187439
AL,total,1997,4367935
VT,total,1994,583836
PR,total,2009,3740410
MO,under18,2004,1420956
TN,under18,2012,1492689
WI,total,2002,5445162
MS,under18,2005,760870
HI,total,1997,1211640
ID,total,1990,1012384
ND,total,2004,644705
ME,under18,2005,292039
GA,total,2011,9810181
USA,total,1996,269394291
DE,under18,2005,201988
OH,under18,2010,2722589
KY,under18,2004,998459
PA,under18,1995,2941531
DC,total,2004,567754
KY,total,2000,4049021
MO,total,2005,5790300
RI,under18,2002,248690
USA,total,2004,292805298
CO,total,1995,3826653
ND,total,2005,646089
USA,total,2000,282162411
SC,total,2003,4150297
MN,total,2011,5347108
CA,under18,1990,7980501
IL,total,1997,12185715
MD,total,1997,5157328
WA,total,2000,5910512
IL,total,2001,12488445
SC,total,2010,4636361
ME,total,1991,1237081
MI,under18,1993,2522249
NJ,under18,1997,2028349
IN,total,2005,6278616
NM,under18,1994,497542
UT,under18,2002,733517
NY,under18,1999,4672587
UT,under18,2003,740483
VT,under18,2002,144441
CT,under18,2002,848877
IN,total,2011,6516336
MN,total,2002,5018935
KY,under18,1994,981439
FL,total,2009,18652644
NE,total,1995,1656993
CA,under18,2008,9321621
CT,under18,1990,752666
NM,total,1993,1636453
ID,total,2004,1391802
WA,total,2006,6370753
VA,under18,1991,1548258
AZ,under18,1992,1055572
MO,total,1992,5217101
NH,total,2002,1269089
CT,total,1990,3291967
DC,total,2003,568502
VA,total,1991,6301217
UT,total,2012,2854871
FL,under18,1994,3299887
DC,under18,2012,107642
OH,under18,2006,2804828
VT,total,1995,589003
ND,under18,2011,152357
MN,total,1994,4610355
MT,total,2003,919630
MT,total,2011,997600
IN,under18,1997,1539270
AK,under18,2002,188482
HI,under18,1995,310325
VA,under18,2012,1861323
NY,total,2001,19082838
AL,total,2003,4503491
TN,under18,2013,1491577
NH,total,2001,1255517
NC,under18,1998,1894753
NY,total,1999,18882725
RI,under18,1990,225923
VA,total,2009,7925937
GA,under18,2004,2308855
NJ,total,2011,8836639
NE,total,2007,1783440
ND,under18,2002,153097
AZ,total,2004,5652404
CT,total,2004,3496094
MS,under18,1990,733660
LA,under18,1997,1239665
NC,total,2012,9748364
CT,under18,2005,844034
GA,under18,1997,2034163
WA,under18,1996,1449613
PR,under18,2000,1089063
CA,total,2009,36961229
CA,under18,2010,9284094
RI,total,2000,1050268
MI,under18,2010,2333121
ME,under18,2004,294791
MA,under18,1999,1495818
MI,total,2005,10051137
RI,total,2011,1050350
OK,total,2010,3759263
CA,under18,2001,9325466
ND,under18,2006,147331
AL,under18,1997,1122893
MO,under18,1994,1378700
MN,under18,2013,1279111
DE,total,1991,683080
NV,under18,2006,634403
NM,under18,2011,516513
DC,total,1990,605321
IL,under18,2004,3211599
NJ,total,2007,8677885
ID,under18,2003,379241
SD,under18,1993,207975
SD,total,2010,816211
OR,total,2008,3768748
FL,under18,1991,3045638
NJ,under18,1994,1968232
DE,under18,1995,181736
SD,total,1991,703669
AR,under18,2002,678798
OR,under18,2010,865129
IN,under18,1998,1551960
CO,total,1992,3495939
RI,total,2006,1063096
WI,total,1995,5184836
KS,total,2002,2713535
VA,total,2007,7751000
MS,total,2002,2858681
IL,under18,2005,3197318
PR,under18,2003,1050615
KS,total,1999,2678338
KY,total,1996,3919536
MS,under18,1995,767892
USA,under18,2006,73757714
MS,under18,1994,763795
CO,under18,1994,966412
VA,under18,1990,1520670
KY,under18,1992,963861
MD,under18,2011,1348766
WA,total,1991,5025624
MT,under18,2000,230067
IN,total,1990,5557798
NH,total,1999,1222015
OR,under18,2000,847511
MA,total,2007,6431559
IA,total,2000,2929067
IA,total,2008,3016734
TX,total,2007,23831983
CT,under18,1995,808623
VT,total,2009,624817
SD,under18,2006,197332
MD,total,2010,5787193
WV,total,2006,1827912
NY,total,2000,19001780
MN,under18,2005,1280557
WV,total,1993,1817539
MT,total,2005,940102
MN,total,1991,4440859
AZ,total,1994,4245089
VT,under18,2000,147549
AK,under18,1996,185360
MT,total,1999,897508
USA,under18,1996,70233512
AL,under18,1991,1060794
VT,total,1992,572751
NY,under18,2005,4514456
OR,total,2000,3429708
IA,total,2004,2953635
VA,under18,2000,1741420
KS,under18,2007,711005
AK,total,1998,619933
WY,total,2008,546043
DC,under18,1999,115003
WV,total,2011,1855184
MI,total,2009,9901591
IL,total,2007,12695866
USA,under18,1998,71431406
MN,total,1995,4660180
AK,under18,1995,184990
FL,under18,1993,3214066
CO,total,2006,4720423
LA,under18,1993,1239161
IL,total,2000,12434161
USA,under18,1991,65313018
MA,total,1997,6226058
WI,under18,1995,1351343
CA,under18,1997,9135359
MI,under18,2000,2596114
IN,under18,2004,1586281
WV,total,2003,1812295
AZ,under18,1993,1094233
NC,under18,2000,1967626
NC,total,2008,9309449
VA,total,1993,6509630
AZ,under18,2004,1484454
NY,total,2005,19132610
USA,under18,2010,74119556
CO,under18,2002,1138273
LA,under18,1995,1250112
NC,total,1994,7187398
SC,under18,1990,921041
FL,under18,1997,3502269
NM,under18,1992,473176
NM,under18,2006,505125
NH,total,1991,1109929
MO,total,2012,6024522
MA,total,1990,6022639
CO,under18,2010,1226619
MA,under18,2008,1429727
WA,under18,2009,1574403
FL,total,1998,15486559
SC,total,2004,4210921
MN,total,2008,5247018
KS,under18,1993,687262
MT,under18,1998,231746
WA,under18,1999,1507824
WI,under18,2003,1358505
AL,under18,2003,1113083
MA,total,1998,6271838
CO,total,1994,3724168
WV,total,2001,1801481
MS,total,1990,2578897
RI,total,2012,1050304
ME,total,2009,1329590
NE,total,2011,1841749
AR,under18,1991,626212
ND,under18,1999,163056
MI,total,2001,9991120
MT,under18,2006,221930
DC,under18,2005,107187
NH,under18,1992,286314
TX,under18,1991,5000793
OK,under18,2006,894761
WI,total,1994,5133678
NC,total,1993,7042818
TX,total,2001,21319622
FL,total,2002,16689370
TN,under18,2004,1433343
NE,total,2004,1749370
NC,total,2011,9651377
DC,total,2010,605125
ME,total,2004,1313688
OR,total,1991,2928507
MD,under18,2006,1377756
MA,under18,1994,1437069
HI,total,2012,1390090
TX,total,1996,19340342
NE,under18,2011,460872
NV,total,1991,1296172
MT,under18,1997,232813
PA,under18,2009,2804929
OK,total,2007,3634349
IA,under18,2000,733337
NY,under18,2003,4619506
WI,total,1997,5266213
MI,under18,1995,2556799
WV,under18,1994,429128
AR,total,2003,2724816
MT,total,2008,976415
HI,total,1992,1158613
WV,total,1999,1811799
RI,total,2005,1067916
MD,under18,2001,1366552
LA,under18,2012,1114620
PR,under18,1991,NaN
WV,total,1997,1819113
OK,under18,2001,885218
DE,under18,2009,206213
ID,total,2005,1428241
ME,under18,2009,277946
WY,under18,2000,128774
WV,under18,2009,389036
CT,under18,2010,814187
NY,under18,1995,4648419
OH,total,2009,11528896
USA,total,1992,256514231
AR,total,2002,2705927
CO,under18,2006,1171832
NE,total,2010,1829838
WY,under18,1995,136785
MA,under18,2007,1439757
MI,under18,2004,2553314
MN,total,2006,5163555
OR,under18,1999,843484
SC,total,2012,4723417
DE,under18,1996,184021
USA,under18,2001,72671175
WY,total,1997,489452
MO,under18,2013,1397685
FL,under18,2000,3654880
WY,under18,1994,137733
VA,total,1992,6414307
TN,total,2002,5795918
DC,under18,2002,113822
IL,under18,2008,3153401
NJ,under18,1998,2042080
AK,under18,1992,184878
NM,total,1990,1521574
NH,total,2006,1308389
TX,under18,2004,6208259
IN,total,1992,5674547
UT,under18,2011,881350
RI,total,2003,1071342
ME,total,2000,1277072
DC,total,1998,565232
OK,total,1992,3220517
DC,total,1992,597567
LA,total,2003,4521042
WY,total,2009,559851
MO,under18,2007,1431346
UT,total,2006,2525507
OR,total,1997,3304310
MS,under18,2011,747742
IN,total,1998,5998881
KS,under18,2006,705277
MD,total,2009,5730388
VT,total,2000,609618
AR,under18,2001,679606
AL,under18,2012,1117489
PA,under18,1998,2940285
AZ,total,2013,6626624
NJ,under18,2002,2116591
ME,under18,1992,310679
AL,total,1998,4404701
MD,under18,1999,1348659
OR,under18,2002,850733
MI,total,1999,9897116
CA,under18,1992,8439647
ID,under18,2012,427177
AR,total,2008,2874554
PR,total,1990,NaN
WY,under18,2011,135407
SD,total,2003,763729
OR,total,1998,3352449
AZ,under18,1991,1028285
ME,total,1997,1254774
IA,under18,2005,718488
SD,under18,2012,205298
CO,under18,2007,1189434
NV,total,1999,1934718
CT,total,1991,3302895
ID,total,1995,1177322
AR,under18,2004,683166
SC,total,2009,4589872
NE,under18,2005,448918
IL,total,2008,12747038
MO,total,2001,5641142
IA,total,2003,2941999
ID,under18,2004,384692
NE,under18,2009,456543
DC,under18,1996,121210
RI,under18,1992,232630
AZ,total,2006,6029141
VA,under18,2005,1816270
MO,under18,2010,1424042
MS,total,1992,2623734
WI,under18,1994,1348110
MO,under18,1998,1428999
KY,total,1990,3694048
WY,under18,2005,124022
OH,under18,1991,2806959
TX,total,1997,19740317
LA,total,2007,4375581
MA,total,1995,6141445
AL,total,1995,4296800
CA,total,1995,31696582
IN,under18,1990,1437209
KY,under18,1998,997296
NH,total,2011,1318075
IN,total,1999,6044970
WY,total,2012,576626
CO,under18,2009,1217213
DE,total,2001,795699
MN,total,2013,5420380
USA,total,2002,287625193
TX,total,2000,20944499
ND,under18,1996,169257
WI,under18,1990,1302869
NH,total,2005,1298492
NJ,under18,2007,2091023
VA,total,2000,7105817
MT,under18,2013,223981
MS,under18,1997,774832
AL,under18,1995,1110553
WY,total,1990,453690
AL,total,1990,4050055
HI,total,1994,1187536
ND,under18,1994,172160
AK,total,2008,687455
OR,under18,2003,850251
AZ,under18,2011,1616353
CA,under18,1998,9163238
ID,under18,1997,357779
OR,under18,1993,778973
RI,total,1993,1015113
OR,under18,2006,857003
IN,under18,1991,1450759
TX,under18,2003,6132980
SC,total,1994,3705397
WV,under18,1998,412793
UT,under18,2000,721686
OH,under18,2012,2668125
KS,under18,2005,704689
MS,under18,1992,750224
OK,total,1994,3280940
CO,under18,1993,947806
WY,under18,2013,137679
FL,under18,2013,4026674
HI,total,2001,1225948
PA,total,2002,12331031
TN,total,2011,6398361
NH,total,2009,1316102
NM,under18,2010,518763
MI,total,2008,9946889
AL,under18,1992,1072873
PR,total,2005,3821362
MD,total,1990,4799770
WA,under18,2000,1516361
CT,under18,2006,839372
UT,under18,1995,679636
HI,total,1991,1136754
MS,under18,2006,756990
PR,total,1993,NaN
GA,total,1994,7157165
NY,total,2008,19212436
DC,total,1996,572379
MD,under18,1996,1303816
UT,under18,2001,726819
IL,under18,2011,3089833
CA,under18,2004,9418497
RI,under18,1996,240569
VT,under18,1994,150794
MD,total,2004,5546935
WI,under18,1993,1337334
PA,under18,2003,2883270
RI,total,1996,1020893
VT,total,2007,623481
LA,total,1990,4221532
NV,under18,2007,654053
OK,under18,2003,883959
MO,total,2003,5709403
WI,under18,2000,1370440
ME,under18,2001,300088
ME,total,1999,1266808
WY,total,2005,514157
AR,total,1990,2356586
ND,total,1998,647532
KY,total,1999,4018053
IA,under18,2011,725522
TN,under18,1993,1285044
CO,under18,1995,984310
NJ,under18,2013,2022117
NY,under18,2001,4672425
IA,under18,2012,723917
VT,total,1999,604683
MN,under18,2004,1281946
TX,under18,1990,4906220
DE,total,2003,818003
ID,under18,1990,313373
MN,under18,2007,1285074
VA,under18,2010,1855025
WY,total,2000,494300
MT,under18,1999,231133
HI,under18,1998,304576
TX,total,2004,22394023
SD,under18,2010,203145
WY,under18,2001,126212
AL,total,2000,4452173
LA,total,2005,4576628
IL,total,2012,12868192
CT,under18,1994,801231
AK,total,2003,648414
NC,under18,1991,1640394
NY,total,2006,19104631
MI,under18,1999,2591944
AZ,under18,2005,1529168
OR,under18,2013,857606
MT,total,1996,886254
SD,under18,1997,205978
AZ,under18,2007,1607895
CA,under18,2007,9335620
OH,under18,2008,2768968
MT,total,1993,844761
HI,total,1995,1196854
KY,total,2003,4117170
SC,under18,2006,1050042
TN,total,1993,5137584
WV,under18,1999,406784
CA,total,2013,38332521
NE,under18,1999,451047
WY,under18,1996,135698
CO,total,2005,4631888
LA,under18,2005,1177954
WV,under18,1992,433116
RI,under18,1998,241760
ID,under18,2001,373145
IN,under18,1992,1461650
NV,total,2008,2653630
USA,total,1991,252980942
OR,total,2001,3467937
OK,total,2012,3815780
HI,total,2006,1309731
AZ,total,1996,4586940
DC,total,2000,572046
ME,total,2003,1306513
PR,total,2013,3615086
AZ,total,2003,5510364
ID,under18,2005,394651
WI,total,2010,5689060
MD,under18,2007,1369563
OR,total,2009,3808600
NJ,under18,2000,2088885
TN,under18,1995,1331616
NC,under18,1996,1821506
OR,total,2012,3899801
PR,under18,1998,NaN
ID,under18,1991,316732
OR,under18,2007,862161
IN,total,2003,6196638
SC,total,2002,4107795
PA,under18,2002,2894935
NV,total,2002,2173791
OK,total,2000,3454365
WV,under18,2000,401062
TX,total,2005,22778123
NC,total,2001,8210122
DE,under18,1997,186607
PR,under18,2004,1035919
DE,under18,2011,204801
AL,under18,2000,1122273
LA,under18,2009,1114228
NE,total,1996,1673740
RI,under18,2005,241932
IA,total,1997,2891119
ME,under18,1996,307740
WI,total,1991,4964343
ND,total,1996,650382
LA,under18,2001,1204187
GA,total,1990,6512602
DE,under18,1999,192510
IN,under18,2002,1580814
SC,total,1992,3620464
ID,under18,2007,415024
DC,under18,2013,111474
SD,under18,2011,203948
IA,total,2001,2931997
NM,total,1997,1774839
UT,total,1990,1731223
OH,total,2011,11549772
SC,total,2006,4357847
NJ,under18,2009,2068684
USA,total,1994,263125826
AZ,total,2012,6551149
NV,under18,1993,354990
ND,total,2011,684867
SD,total,2008,799124
HI,total,2008,1332213
ME,under18,1993,310966
AL,total,2013,4833722
DE,under18,2004,199631
DE,total,2006,859268
OH,total,2008,11515391
AZ,under18,1998,1285794
OH,total,1996,11242827
HI,total,2011,1376897
UT,total,1992,1836799
SD,total,2012,834047
OK,total,1997,3372918
CO,under18,2008,1203289
AL,total,2010,4785570
MN,under18,1991,1191207
WA,total,1995,5481027
SD,under18,1996,205780
MA,under18,2012,1399417
KY,total,2010,4347698
MD,total,2007,5653408
OK,under18,1997,893835
KS,total,1994,2580513
RI,under18,1995,240553
UT,under18,2004,751771
VA,total,2013,8260405
ID,under18,1996,353824
SD,total,1996,742214
NH,total,1998,1205941
IA,total,1993,2836972
FL,total,1991,13369798
MT,total,2001,906961
MA,under18,2009,1422935
DC,total,1994,589240
MA,total,2010,6563263
NY,total,1993,18374954
VA,total,1994,6593139
WA,total,1992,5160757
GA,total,2005,8925922
TX,under18,2009,6792907
IA,under18,2008,725658
OH,total,1991,10945762
IN,total,1994,5793526
NJ,total,1997,8218808
MD,total,1995,5070033
SC,under18,2003,1023785
DE,total,2011,907985
MA,total,1993,6060569
MA,total,1996,6179756
IA,total,2009,3032870
IL,under18,2007,3170134
CO,under18,2011,1230178
WI,under18,2002,1365315
LA,total,2001,4477875
AK,under18,2010,187902
USA,under18,1995,69473140
USA,under18,2012,73708179
IA,under18,2006,721703
MO,under18,2001,1426575
NH,under18,2010,285702
VA,under18,2009,1845132
NC,under18,1997,1861621
DC,total,1993,595302
ME,under18,1998,304496
RI,under18,2001,248296
CT,under18,2009,820839
MD,under18,2000,1356961
WI,under18,1997,1359712
OK,total,2004,3525233
HI,under18,2002,293600
SD,total,1999,750413
IL,under18,2012,3057042
WA,under18,2005,1523890
MT,total,2012,1005494
CT,under18,1993,790749
MA,under18,1997,1478203
NY,under18,1993,4538171
CO,total,2004,4575013
IN,total,1996,5906013
KS,total,2008,2808076
WI,total,2005,5546166
OK,total,2011,3785534
LA,under18,1992,1237034
MO,under18,2005,1422978
KY,total,2005,4182742
NH,under18,1999,308423
ID,total,1993,1108768
CO,under18,2003,1144597
ND,under18,2013,162688
MN,total,2009,5281203
SD,under18,2003,197326
VT,under18,2008,132600
MA,under18,1993,1415724
KS,total,2013,2893957
NE,under18,2001,448307
HI,total,2004,1273569
IA,total,2012,3075039
TX,total,2009,24801761
NM,under18,2005,502612
VT,total,1993,577748
OH,under18,2003,2849573
HI,under18,2009,302796
NY,under18,1996,4667647
TN,under18,1998,1369987
IL,under18,1995,3152984
TX,total,2011,25640909
IA,under18,2007,723632
GA,under18,2006,2406014
TN,under18,1992,1259458
NH,under18,1994,295563
IL,under18,1991,2988715
CT,total,2005,3506956
NJ,under18,2006,2106403
NC,total,2010,9559533
CO,under18,1998,1060066
MT,total,2010,990527
SD,under18,1994,208443
MO,under18,2012,1405015
DC,under18,1998,113839
MA,under18,1998,1491652
ND,under18,1998,165448
NC,total,2000,8081614
IL,under18,1998,3225252
PA,total,2007,12563937
PR,under18,2002,1065051
KY,under18,2011,1021926
ND,total,2012,701345
ID,under18,2009,426076
AZ,total,1990,3684097
MT,total,2002,911667
UT,under18,1992,648725
OR,total,2007,3722417
PR,under18,1995,NaN
RI,total,2008,1055003
OH,under18,1993,2855785
UT,under18,1997,699528
AK,total,1996,608569
IN,under18,1995,1507916
SC,under18,1992,947868
ME,total,1998,1259127
DE,under18,2008,206116
SD,under18,2004,196804
MA,total,2012,6645303
UT,under18,1996,687078
KS,under18,2000,713887
VT,total,2013,626630
KS,under18,1995,694124
NJ,under18,1993,1928623
NC,total,2009,9449566
WV,total,1996,1822808
OK,total,2008,3668976
NV,total,1990,1220695
OK,under18,1999,895678
PR,under18,2009,920794
OH,total,2002,11407889
SD,total,1993,722160
HI,under18,1994,307517
AR,under18,2000,680378
GA,under18,1993,1865021
MI,under18,1998,2586343
MI,total,2003,10041152
NY,under18,1994,4605284
DC,total,2006,570681
MN,under18,2012,1278050
OK,under18,1990,841715
FL,total,1994,14239444
SD,total,1998,746059
SC,total,2005,4270150
SD,under18,1992,206632
IL,under18,1999,3240034
FL,total,2013,19552860
MD,total,2003,5496269
VA,total,1998,6900918
WV,total,2007,1834052
IL,total,1999,12359020
GA,under18,1994,1906539
SC,under18,2007,1064190
NC,total,1997,7656825
HI,total,2000,1213519
PA,total,1997,12227814
LA,total,2009,4491648
NM,total,2006,1962137
RI,total,1991,1010649
AR,under18,2011,710576
DE,under18,1990,165628
NE,total,2003,1738643
ID,total,2012,1595590
DC,total,2005,567136
KS,total,1991,2498722
PA,total,2000,12284173
MA,under18,2002,1502652
CT,total,2008,3545579
MO,under18,1993,1365903
USA,under18,1999,71946051
GA,total,2010,9713248
MI,under18,2008,2418879
MS,under18,1999,775662
IN,under18,2009,1609704
OK,under18,2007,904328
ID,under18,2002,375986
PR,total,1998,NaN
SC,total,2011,4673509
MI,under18,2001,2593310
ME,total,2002,1295960
RI,total,1990,1005995
OR,total,1999,3393941
NJ,total,1995,8083242
WV,total,2013,1854304
UT,total,1991,1779780
GA,under18,1998,2078998
NJ,total,1994,8014306
AZ,under18,1997,1237159
NE,under18,2002,447714
MT,total,1994,861306
IN,under18,2012,1589655
WI,total,2001,5406835
MI,under18,2005,2531839
AK,total,2013,735132
UT,total,2007,2597746
KY,under18,1999,996382
NC,under18,2005,2122485
OH,under18,2011,2693469
MI,total,2013,9895622
TX,total,2012,26060796
WI,total,1999,5332666
HI,under18,2008,301094
OR,total,2013,3930065
CA,total,1993,31274928
NC,total,2013,9848060
KY,under18,2000,994984
TN,total,1995,5326936
CT,total,1998,3365352
WY,total,2002,500017
KY,total,2002,4089875
IL,under18,2009,3138406
RI,total,2013,1051511
RI,total,2007,1057315
WY,under18,2010,135351
OR,total,2003,3547376
OK,under18,1991,849639
GA,under18,2000,2176576
IL,under18,1996,3192916
TN,under18,2011,1491837
OK,under18,1998,898501
GA,total,2012,9915646
AL,total,2012,4817528
NH,under18,1995,298246
IN,under18,2006,1603107
MD,total,1996,5111986
TN,under18,1996,1345723
WI,under18,2001,1367593
ID,total,2009,1554439
DE,under18,1993,176916
AK,under18,1990,177502
WV,total,1994,1820421
ME,total,1995,1243481
TX,under18,1999,5840211
MD,under18,2012,1346235
NJ,under18,1995,1997187
NJ,total,1993,7948915
CO,under18,1990,881640
OK,under18,1992,862548
TX,under18,2001,5980187
GA,total,1996,7501069
CA,total,2003,35253159
NC,total,1990,6664016
ID,under18,2013,427781
ND,under18,1990,170920
MN,total,2000,4933692
NM,total,2003,1877574
CO,total,2007,4803868
PR,total,1991,NaN
IA,under18,2002,723685
IA,under18,1999,732671
IA,under18,2010,727717
AZ,total,1993,4065440
PA,under18,2004,2873125
MD,under18,1995,1300695
NM,total,2000,1821204
FL,total,2008,18527305
ME,total,2008,1330509
IA,under18,1998,729943
ND,under18,2003,150406
USA,total,1998,275854116
AZ,total,2011,6468796
OR,total,2002,3513424
MI,under18,2013,2245201
RI,total,1995,1017002
USA,total,2010,309326295
NH,under18,1991,281127
WV,total,1990,1792548
IL,total,2010,12839695
HI,under18,1990,279983
IN,under18,2013,1586027
DC,under18,2000,114503
AK,under18,2001,188771
PA,under18,1991,2830059
LA,total,2002,4497267
FL,total,1993,13927185
AR,under18,1997,680203
MN,total,2003,5053572
NM,under18,1995,504558
CT,total,2001,3432835
KY,under18,1997,1002609
ME,under18,1995,309173
MO,total,2010,5996063
WY,under18,1992,137308
NJ,total,2000,8430621
MA,under18,1995,1453489
IA,total,1998,2902872
HI,under18,2007,300207
NM,total,2002,1855309
WA,total,2009,6667426
MI,total,1991,9400446
CA,total,2004,35574576
WV,under18,1990,436797
USA,under18,1992,66509177
FL,under18,2012,4012421
NM,under18,2004,501184
PR,total,2007,3782995
SC,under18,2009,1079729
ID,total,2003,1363380
NV,under18,2009,666041
HI,under18,2003,294519
IA,total,1996,2880001
VA,total,1995,6670693
DE,total,2013,925749
WI,under18,2010,1336094
PA,under18,2011,2761343
HI,total,2010,1363731
IL,total,2004,12589773
LA,total,2006,4302665
IN,total,2001,6127760
TN,total,1991,4966587
WA,under18,1990,1301545
KY,under18,2013,1014004
CA,under18,2006,9370884
OR,total,2010,3837208
CA,under18,2003,9404594
IA,under18,2004,718708
NV,total,2001,2098399
MT,under18,2012,222905
ME,total,2006,1323619
AL,under18,2001,1120409
MT,under18,1992,230868
TX,total,2008,24309039
TN,under18,2008,1494354
OR,under18,1994,793435
TX,total,1999,20558220
NV,total,2012,2754354
NE,under18,2004,448360
USA,total,2011,311582564
VA,under18,1992,1581544
NY,under18,2007,4410949
NJ,under18,2012,2035106
WV,total,2004,1816438
AZ,total,1991,3788576
NY,under18,1991,4372727
OH,under18,2005,2819794
IA,total,2006,2982644
TN,total,1998,5570045
PR,under18,2012,841740
MA,total,2003,6422565
ID,under18,2008,422347
MO,total,2002,5674825
IN,under18,2008,1611494
IA,under18,1996,729177
AL,total,1991,4099156
NY,total,1996,18588460
GA,under18,2008,2479097
NV,under18,2004,591314
IA,total,1991,2797613
WI,total,2007,5610775
AK,total,1992,588736
WY,total,2010,564222
IL,total,2013,12882135
MT,under18,2004,221999
SC,total,1999,3974682
ID,total,2013,1612136
MA,under18,2003,1493372
CO,under18,1996,1003946
AR,total,2000,2678588
OR,under18,1996,816102
NV,total,2003,2248850
FL,under18,1995,3366468
DC,under18,2009,102098
WI,total,2004,5514026
LA,total,1998,4440344
SD,under18,2002,198694
NE,under18,2006,450098
PA,under18,2001,2905836
SD,total,1994,730790
GA,total,2000,8227303
MI,total,2000,9952450
PR,under18,1996,NaN
AR,under18,2008,705725
OH,total,2001,11387404
IN,under18,2005,1593898
WY,total,1999,491780
SC,total,1997,3859696
WY,total,2004,509106
AK,total,1990,553290
FL,total,1992,13650553
FL,under18,2002,3774624
TN,under18,1999,1385997
AK,total,2011,723375
RI,under18,2007,233655
SC,total,2007,4444110
MO,total,2011,6010065
USA,under18,2011,73902222
IA,total,1994,2850746
NY,under18,2009,4342926
MO,total,2006,5842704
VT,under18,1991,145219
VT,total,1998,600416
HI,under18,2005,298497
NV,under18,2012,659655
IA,total,2010,3050314
LA,total,1997,4421072
NM,under18,2002,502779
NV,total,2009,2684665
MD,total,2008,5684965
AZ,under18,1994,1119857
CT,total,1999,3386401
WV,total,2000,1807021
NJ,under18,2011,2049453
ME,under18,2008,282204
FL,under18,1998,3557561
RI,under18,2009,225902
VA,under18,1996,1664147
ME,total,2007,1327040
VT,total,1990,564798
AK,under18,2003,186843
WI,total,1996,5229986
IL,total,1994,11912585
NM,under18,1990,453538
WY,total,2001,494657
UT,total,2002,2324815
NE,under18,1995,444418
AL,total,2009,4757938
AK,total,2001,633714
NE,under18,2013,464348
NV,under18,1994,376745
ID,under18,1994,344242
MO,total,1999,5561948
HI,total,2009,1346717
PA,under18,1997,2942240
WI,total,1990,4904562
AZ,total,2009,6343154
FL,total,1999,15759421
NC,total,1991,6784280
ME,under18,2012,264846
PA,total,1992,12049450
MN,total,1992,4495572
MT,total,1991,809680
OH,total,2003,11434788
WV,under18,1997,418037
AZ,under18,1996,1215285
SC,under18,2005,1036941
PA,total,1991,11982164
VT,total,2010,625793
IA,under18,2003,720102
MI,under18,2006,2503548
KS,total,2012,2885398
VT,under18,2012,124555
UT,total,2013,2900872
DC,under18,2006,105651
VT,under18,2013,122701
MD,total,1994,5023060
NH,under18,2001,311877
ME,total,2005,1318787
DC,under18,2008,102257
WY,under18,1998,132602
VT,under18,1996,151490
ND,total,2001,639062
MT,under18,1994,237289
DE,under18,2001,196038
NC,under18,2010,2282288
MN,under18,1998,1275940
IL,under18,2002,3238362
NY,total,1992,18246653
AL,under18,1998,1118252
MI,under18,2011,2299116
IL,under18,1993,3066541
OH,total,2012,11553031
NE,total,1999,1704764
NC,total,2007,9118037
WV,under18,2001,395307
NM,total,2010,2064982
TX,under18,2013,7041986
IA,under18,1993,727751
IL,under18,1994,3110938
ND,total,2002,638168
TN,total,2013,6495978
MO,total,2000,5607285
MD,total,1993,4971889
MO,total,1995,5378247
MT,under18,2005,221685
GA,under18,1991,1773675
AR,total,1996,2572109
NY,under18,2004,4574065
WV,total,2008,1840310
VT,under18,1998,148467
NV,under18,2008,662621
NV,total,1995,1581578
NE,under18,2007,451946
MO,total,1994,5324497
PR,total,2011,3686580
AK,total,1994,603308
TN,total,1992,5049742
ND,total,1997,649716
MA,total,2000,6361104
IA,under18,1991,724446
WA,total,1997,5674747
TX,total,2002,21690325
WI,total,2009,5669264
VA,under18,2006,1826368
RI,under18,2003,248075
PA,total,1998,12245672
TX,total,1991,17398005
OH,under18,1998,2896255
TX,under18,2012,6985807
DC,under18,2004,109756
NJ,under18,1991,1849605
PR,under18,2008,945705
NC,under18,2013,2285605
RI,under18,2000,248065
MS,total,1995,2722659
MN,under18,1996,1252722
WA,total,2012,6895318
ID,under18,2010,428961
NH,total,1995,1157561
PR,total,2008,3760866
MD,total,2011,5840241
VT,total,1997,597239
HI,under18,2000,295352
PR,total,1997,NaN
CO,total,2009,4972195
MS,total,2008,2947806
MS,under18,2004,760410
MI,under18,1997,2582270
TN,under18,1997,1359030
WI,under18,1999,1367019
HI,under18,2010,303812
KY,total,1994,3849088
AZ,under18,1995,1173391
ME,under18,1990,308066
NM,under18,2008,511214
IN,under18,1996,1517961
TX,total,1998,20157531
NY,total,2009,19307066
ME,total,1990,1231719
NH,total,1990,1112384
AZ,total,2008,6280362
RI,under18,2004,246228
NY,under18,2006,4457777
NC,under18,2004,2085165
AK,under18,2009,186351
GA,under18,1995,1949818
CO,total,1993,3613734
MN,under18,1993,1226723
CT,under18,2003,851115
VA,under18,2003,1782254
TX,under18,1995,5421784
HI,total,2002,1239613
HI,under18,2004,298103
TN,total,2007,6175727
WV,total,1991,1798735
CA,under18,2012,9209007
VA,total,2004,7475575
FL,total,2010,18846054
AZ,under18,2002,1427938
OK,total,1991,3175440
WV,under18,2010,387224
NC,under18,1999,1932141
UT,under18,2009,857853
NE,under18,1997,450076
DC,total,2008,580236
WV,under18,2012,384030
VT,under18,2004,141068
NV,total,1993,1411215
OK,under18,1995,883667
NE,total,1991,1595919
PA,under18,2007,2839574
MD,under18,2003,1379641
NH,total,2000,1239882
MS,total,2005,2905943
SC,under18,2008,1074116
WA,under18,1995,1429397
OR,total,1992,2991755
SC,total,1996,3796200
DE,under18,1994,180833
CT,total,1993,3309175
NY,total,2010,19398228
AR,total,2006,2821761
OH,total,2010,11545435
OH,total,2004,11452251
AR,under18,2003,679579
VT,total,2011,626320
MD,total,1991,4867641
IN,total,2009,6459325
MD,under18,2004,1383450
PR,total,2002,3823701
NH,under18,2003,311412
SC,under18,1993,956951
LA,total,1999,4460811
NE,under18,1992,436378
VT,under18,1990,143296
ND,total,2008,657569
NV,total,2000,2018741
VA,under18,1999,1723125
IA,total,1990,2781018
UT,total,2000,2244502
ID,total,2000,1299430
UT,total,2003,2360137
GA,total,1995,7328413
AR,under18,1996,677912
USA,total,1999,279040181
NM,total,2009,2036802
PA,under18,2006,2850778
AL,total,2007,4672840
MA,total,2013,6692824
WI,under18,1992,1330555
CO,under18,2005,1156399
RI,under18,1999,247014
FL,under18,1999,3611711
MS,under18,1993,755820
PA,under18,2005,2859793
NY,total,1998,18755906
AR,total,1991,2383144
AR,under18,2010,711947
PA,total,2003,12374658
SC,total,1993,3663314
OH,under18,1990,2778491
WI,total,2000,5373999
AR,total,2011,2938506
LA,under18,1991,1222330
WA,total,1998,5769562
VA,under18,2001,1754549
NV,total,2011,2717951
WI,under18,1996,1352877
SD,total,2000,755844
USA,under18,2000,72376189
MI,total,1995,9676211
WA,total,1994,5375161
FL,under18,2008,4018372
IA,total,1995,2867373
RI,total,2009,1053646
FL,under18,2005,3968178
MO,under18,1990,1316423
CA,total,1990,29959515
NV,under18,2013,661605
ND,total,2013,723393
RI,under18,2012,216591
TX,total,1994,18564062
AL,total,1993,4214202
FL,total,2012,19320749
NJ,total,1999,8359592
NH,under18,2012,275818
NY,total,2013,19651127
IL,total,2005,12609903
MT,total,2006,952692
AK,total,2007,680300
NE,under18,1996,446841
LA,total,2008,4435586
LA,total,2012,4602134
MI,under18,1994,2535196
UT,under18,1998,709386
OK,under18,2002,884961
MT,under18,2011,222977
SC,total,1991,3570404
WV,under18,2011,385283
CA,under18,2002,9365142
NH,under18,2006,305169
FL,total,1997,15186304
PR,under18,1994,NaN
LA,total,1995,4378779
CT,under18,2012,794959
WI,under18,2004,1354643
AK,under18,1993,187190
NC,under18,1990,1625804
MD,under18,1993,1261738
MN,under18,2000,1289715
OH,total,1994,11152455
NE,total,1997,1686418
CT,total,2002,3458749
AL,under18,1990,1050041
KS,total,1997,2635292
WA,total,1990,4903043
NV,total,2004,2346222
VT,under18,2007,134695
NE,under18,2010,459621
IN,under18,2003,1582560
NH,under18,2004,309243
MN,under18,1999,1283102
MS,total,2009,2958774
NM,under18,2001,503404
WA,under18,2001,1517527
ID,total,2006,1468669
IN,under18,1993,1473007
IL,total,1996,12101997
KY,total,1998,3985391
NY,under18,2013,4239976
CT,total,2000,3411777
MI,total,1994,9597737
WA,under18,2007,1549582
OH,total,1998,11311536
SC,under18,1995,975884
KS,under18,1992,680871
ID,total,1998,1252330
CA,total,2002,34871843
CA,total,2005,35827943
SD,under18,2001,200795
OR,under18,2008,865664
MO,total,1993,5271175
ND,under18,1995,171146
MO,under18,2009,1426603
DC,total,2002,573158
CO,total,1998,4116639
MI,under18,1990,2459633
IA,under18,1992,724798
FL,under18,1990,2988807
WA,total,1993,5278842
MT,total,1997,889865
SD,under18,2007,198847
PR,total,1996,NaN
SD,total,1992,712801
NV,under18,1997,443626
GA,under18,2013,2489709
PA,total,2004,12410722
WV,total,1998,1815609
USA,under18,1993,67594938
TN,total,1990,4894492
PR,total,2004,3826878
AR,total,1998,2626289
SD,under18,2009,201204
NE,under18,1998,451192
OH,under18,1994,2875397
CA,under18,1995,8920578
MO,total,1996,5431553
LA,under18,2010,1118576
LA,total,1991,4253279
SD,total,2002,760020
AL,total,2008,4718206
NC,under18,2011,2284238
NV,under18,2001,534708
OR,under18,1995,806512
WV,under18,1995,428790
PA,under18,1990,2799168
IL,total,2003,12556006
WY,under18,1991,136720
SC,total,2013,4774839
CA,total,1992,30974659
UT,under18,2005,767888
TN,total,1996,5416643
CA,total,2010,37333601
WV,under18,2008,390210
AR,under18,1993,643474
CO,total,1996,3919972
NM,under18,1996,508100
CA,total,1996,32018834
CT,under18,1997,814373
NJ,total,1992,7880508
USA,under18,2002,72936457
NM,total,1998,1793484
ND,total,2000,642023
MO,total,2009,5961088
MO,under18,1999,1428047
ME,under18,1991,309871
PA,under18,1993,2907351
LA,total,1996,4398877
KS,under18,1997,704001
DE,total,2004,830803
NC,under18,1994,1750754
MT,total,2007,964706
WV,under18,1991,433918
VT,total,2001,612223
MI,under18,2009,2372603
ID,total,1994,1145140
PA,under18,2013,2715645
ID,under18,1993,333838
VT,under18,1997,150040
SD,total,2009,807067
PA,under18,2000,2918850
FL,total,2011,19083482
KS,under18,2003,707847
PA,total,1990,11903299
AR,under18,1992,638269
GA,total,2002,8508256
IA,total,1999,2917634
NV,under18,1992,337396
LA,under18,2006,1078779
KY,total,2009,4317074
WV,under18,1993,432364
TN,total,1999,5638706
GA,total,2008,9504843
NC,under18,2001,2003782
SC,under18,2010,1079978
PA,under18,1994,2932851
NH,under18,2000,310352
NC,total,2005,8705407
IL,under18,2006,3181246
NJ,total,1991,7814676
TN,under18,2007,1482747
KS,under18,2009,721841
NC,total,1996,7500670
IA,total,2005,2964454
NM,under18,1997,514500
WA,under18,2008,1560302
KY,total,1991,3722328
OK,total,1993,3252285
MS,total,1999,2828408
HI,total,1998,1215233
MN,under18,2008,1284179
AZ,total,2000,5160586
AL,under18,2009,1134192
GA,under18,2012,2487831
SD,under18,1999,203737
LA,under18,1996,1244627
NM,total,2012,2083540
NV,total,1992,1351367
MN,under18,2010,1282693
OK,total,2001,3467100
DC,total,2009,592228
WY,total,1993,473081
MN,under18,2002,1288795
MT,under18,2009,223675
UT,under18,2010,873019
WV,total,2005,1820492
NY,total,1995,18524104
MO,under18,1992,1349729
NV,total,2006,2522658
MI,total,2010,9876149
OK,total,2006,3594090
NV,under18,2005,611595
KY,total,2011,4366869
LA,total,1992,4293003
DE,under18,2007,205155
GA,total,1998,7863536
DE,total,2009,891730
VA,total,1996,6750884
VT,under18,1992,146983
DC,under18,2001,114625
FL,under18,1996,3431695
NM,under18,2009,515470
HI,under18,1996,311213
MI,total,2004,10055315
MO,under18,2002,1424513
NC,under18,1993,1710267
OK,under18,2013,947027
PR,total,2010,3721208
OR,total,1995,3184369
DE,under18,2006,203729
GA,total,2004,8769252
AK,under18,2008,183124
DC,total,2007,574404
RI,under18,1991,229448
TX,under18,2006,6446798
CO,total,2002,4490406
WA,total,2008,6562231
VT,total,2002,615442
MT,under18,2002,224772
CT,total,1996,3336685
NH,total,1992,1117785
MN,total,1993,4555956
MA,total,1994,6095241
GA,under18,1999,2130698
AK,under18,2012,188162
HI,total,1996,1203755
WI,total,2008,5640996
IN,total,2008,6424806
ID,under18,2006,404753
OK,under18,2000,891847
IL,under18,1990,2940837
NH,total,2007,1312540
MO,total,2004,5747741
SC,under18,1996,987576
MS,total,2010,2970047
PA,total,2005,12449990
NM,total,2013,2085287
HI,under18,1993,301473
IL,under18,2003,3225547
AZ,total,1995,4432499
MO,under18,1997,1419837
VA,under18,2004,1801958
AK,under18,2004,186335
NE,total,2009,1812683
ID,total,1991,1041316
FL,total,1996,14853360
DE,under18,1998,189302
TN,total,1997,5499233
NV,total,1994,1499298
MT,under18,1990,223677
WY,total,1992,466251
NY,under18,2008,4372170
NH,under18,1990,277454
NM,total,1991,1555305
KS,total,1998,2660598
FL,under18,2009,3997283
OH,under18,2009,2748051
NH,under18,1998,307292
TX,under18,1994,5331524
OK,under18,2011,935714
GA,total,2009,9620846
MT,under18,2010,223292
MS,total,2003,2868312
PA,total,1996,12220464
ME,under18,1997,305097
VA,total,2005,7577105
NC,total,2004,8553152
FL,under18,2010,3999532
AR,under18,2012,710471
KY,under18,1995,984486
UT,under18,2013,896589
MN,total,2005,5119598
AK,under18,2006,185580
PR,under18,1990,NaN
PR,total,1999,NaN
NY,total,2002,19137800
NC,under18,2003,2060838
MA,total,2004,6412281
CA,total,2007,36250311
NY,total,1997,18656546
MT,under18,2001,227118
AK,under18,1998,192636
IN,under18,2010,1605883
NY,total,1991,18122510
HI,under18,1999,299680
WY,total,2011,567329
CT,under18,1998,824600
WV,total,1992,1806451
FL,under18,2003,3820876
NC,under18,2007,2219168
SD,total,2007,791623
MO,under18,2000,1428383
DC,under18,1990,112632
WV,under18,2004,391856
MT,under18,2003,223012
LA,under18,2004,1182731
ID,under18,2000,370430
RI,total,2002,1065995
DE,under18,1992,174166
NV,total,2010,2703230
AL,total,2011,4801627
AZ,under18,1990,1006040
IN,total,1991,5616388
AL,total,1999,4430141
GA,total,1991,6653005
IN,total,2012,6537782
GA,total,2007,9349988
WY,total,2013,582658
ID,total,2007,1505105
CA,total,2011,37668681
WV,under18,2003,392460
DE,total,2008,883874
UT,under18,1999,715398
ND,under18,1992,172052
ND,under18,2007,147263
TX,under18,1998,5759054
SD,under18,1991,201749
FL,total,2007,18367842
NH,total,2008,1315906
TN,total,2000,5703719
MA,total,2009,6517613
AK,under18,2013,188132
KS,under18,1991,672033
DC,total,1991,600870
GA,under18,2003,2278710
WA,under18,2004,1520751
NE,under18,1994,442589
ND,total,2003,638817
WA,under18,2003,1514877
KY,total,1997,3952747
NC,under18,2002,2034451
CT,under18,1992,777264
MS,under18,2001,768418
HI,total,1993,1172838
WA,under18,2010,1581436
ME,total,1992,1238508
FL,under18,2001,3714439
GA,total,1997,7685099
DE,under18,2013,203558
PA,total,2010,12710472
KY,total,1993,3812206
MD,under18,2008,1359214
OR,total,1994,3121264
MD,under18,1994,1280772
IA,total,1992,2818401
MD,under18,2013,1344522
FL,total,2006,18166990
TN,under18,1994,1310988
CO,under18,2013,1237932
MN,total,1999,4873481
NV,under18,2010,663180
WA,under18,2006,1536926
FL,under18,1992,3120439
VA,under18,1995,1649005
MN,total,1998,4813412
WY,under18,2008,131511
WV,under18,1996,422831
ND,total,1993,641216
UT,total,1996,2067976
TN,under18,2001,1407578
MA,under18,1991,1375110
NC,under18,2009,2272955
NV,under18,2002,552816
KS,total,1995,2601008
NM,under18,2003,500777
LA,total,1994,4347481
OK,total,2009,3717572
MT,total,2013,1015165
KS,total,2009,2832704
DC,under18,1993,120471
IL,under18,1992,3033427
AZ,under18,2003,1453671
MO,under18,1996,1408732
NY,under18,1990,4281643
USA,total,2008,304093966
GA,under18,2011,2488898
DC,total,1995,580519
USA,under18,2003,73100758
OH,total,1999,11335454
WY,under18,2012,136526
KY,under18,2007,1016288
ND,total,1992,638223
NC,under18,2006,2166393
NY,under18,2000,4687374
AR,total,1992,2415984
PR,under18,1997,NaN
WA,total,1996,5569753
NH,total,1994,1142561
KY,total,2006,4219239
MA,under18,2005,1464140
NE,under18,2000,450380
MO,under18,2011,1414444
WA,total,2003,6104115
AR,total,1999,2651860
MT,total,1992,825770
KS,under18,1994,693673
OH,under18,1992,2839356
MD,under18,2005,1382966
DE,total,1999,774990
NV,under18,1996,419133
NM,under18,2013,507540
IA,under18,2001,728601
OH,total,2000,11363543
WI,under18,2012,1316113
OH,under18,1997,2897375
MS,total,1991,2598733
GA,total,2003,8622793
WV,total,2002,1805414
AR,under18,2007,702737
IL,total,2006,12643955
SC,under18,1994,969766
CA,under18,2009,9294501
MA,under18,1990,1353806
AZ,under18,2000,1373414
ND,under18,2008,147462
WI,under18,2011,1325870
TN,total,2008,6247411
MO,under18,2003,1421927
USA,total,2001,284968955
KY,under18,1990,945951
DE,total,1997,751487
AL,under18,2007,1132296
FL,total,1995,14537875
NH,under18,1997,302834
VA,under18,2013,1864535
MA,under18,2001,1505028
NE,total,1998,1695817
AK,under18,2000,190615
AK,total,2010,713868
AL,total,2005,4569805
UT,total,1999,2203482
CA,under18,1994,8790058
IL,under18,2001,3243617
UT,under18,1990,627122
MN,total,2004,5087713
TX,under18,1997,5655482
NY,total,2012,19576125
CO,under18,2012,1232864
PR,under18,2011,869327
MI,total,1993,9540114
NH,total,2010,1316614
LA,total,2000,4471885
NJ,under18,2004,2129051
RI,total,2001,1057142
PR,under18,2013,814068
OK,under18,2004,881606
NJ,under18,2001,2102838
SD,total,1995,737926
CT,total,2003,3484336
MS,under18,2009,758539
IL,total,1993,11809579
MS,under18,2000,774353
WA,under18,1992,1365480
MD,total,2001,5374691
DC,under18,2011,103906
ND,under18,1991,171730
KS,total,2011,2869548
NV,under18,1998,469424
CO,total,1999,4226018
WY,under18,2007,128760
LA,total,2010,4545392
LA,under18,2007,1096642
DE,total,2000,786373
WY,total,1998,490787
ND,total,2010,674344
TN,total,2009,6306019
NM,under18,1999,511135
HI,total,2007,1315675
WI,total,2003,5479203
TN,total,2001,5750789
CO,under18,1999,1083938
NY,total,2004,19171567
LA,under18,1990,1205984
NV,total,1997,1764104
WY,total,1996,488167
TX,total,1992,17759738
CO,under18,2004,1146369
AR,total,1993,2456303
NE,under18,1990,430068
NH,under18,1996,300161
MT,total,2004,930009
ID,total,1996,1203083
CT,under18,2007,833484
DC,total,2001,574504
KY,under18,1993,971134
HI,under18,2001,294133
WA,total,2011,6821481
TN,under18,1991,1233260
WA,under18,1997,1473646
TN,under18,2010,1495090
MO,under18,1991,1332306
DE,total,2005,845150
IA,under18,2009,726969
FL,total,2000,16047515
CA,under18,1999,9207878
IN,total,2007,6379599
GA,under18,2010,2490884
CO,total,2000,4326921
PA,total,2009,12666858
TX,under18,1993,5217899
TN,total,2005,5991057
AL,under18,2006,1126798
IL,under18,2013,3023307
WI,total,2006,5577655
ME,total,1996,1249060
LA,under18,2008,1108728
WA,total,2007,6461587
IN,total,1997,5955267
NJ,total,2013,8899339
MI,total,2012,9882519
SD,total,1997,744223
IA,under18,1995,726961
PA,total,2012,12764475
MI,total,1990,9311319
DE,under18,2000,194914
UT,total,2011,2814784
CA,total,2012,37999878
TX,under18,2005,6290970
LA,under18,2013,1112957
WV,under18,2007,390661
SD,under18,1995,207890
AZ,under18,1999,1332396
USA,under18,2008,74104602
UT,under18,2008,837258
AK,total,2012,730307
WI,total,1992,5025398
ND,total,2007,652822
ND,total,1999,644259
AK,total,2004,659286
VT,total,1991,568606
SD,total,2005,775493
NC,total,2003,8422501
RI,total,2010,1052669
NE,under18,1993,439313
OH,under18,1996,2883443
IN,under18,2000,1574989
FL,under18,2007,4031098
PA,under18,2008,2821004
IN,under18,2007,1609494
HI,total,2005,1292729
VT,total,2004,619920
AL,total,1996,4331103
CO,total,2012,5189458
AL,under18,1993,1085606
WV,total,2012,1856680
ME,under18,2003,296786
ND,under18,2001,156113
ID,total,2008,1534320
USA,total,2003,290107933
TX,under18,1996,5551447
WY,under18,1997,134328
KS,total,1992,2532395
OK,total,1990,3148825
GA,total,2006,9155813
NM,total,1996,1752326
NE,total,1994,1639041
USA,under18,2005,73523669
HI,under18,1991,287871
VT,under18,2005,138933
NJ,under18,1996,2016502
HI,under18,2006,299313
VA,under18,1993,1604758
DE,total,1992,694927
OH,total,2013,11570808
CO,under18,2000,1106676
TX,total,1995,18958751
MS,total,1996,2748085
AK,total,1995,604412
MA,under18,1996,1468614
VT,under18,2001,146040
CA,total,1994,31484435
KY,under18,2009,1021710
SC,total,2001,4064995
UT,total,2001,2283715
USA,under18,2007,74019405
GA,under18,2009,2485781
DE,total,2002,806169
MT,total,1998,892431
IN,total,2000,6091866
GA,under18,2001,2215390
VT,total,2012,625953
MN,under18,1997,1264250
KS,under18,1999,713022
CT,under18,1991,766304
IN,total,1995,5851459
VT,under18,1993,148705
OR,under18,1990,742436
KS,under18,2010,727729
TN,under18,1990,1220200
PA,total,2011,12741310
NJ,total,2004,8634561
AZ,under18,2008,1628651
SD,under18,2008,199848
MD,total,2005,5592379
ND,under18,1997,167475
ND,total,1995,647832
USA,total,2012,313873685
NJ,total,2010,8802707
NV,under18,1995,396223
MI,under18,2003,2569080
RI,total,1999,1040402
WI,total,2011,5708785
NH,total,2003,1279840
DE,total,1996,740978
SC,under18,1997,1001681
NH,under18,2013,271122
KS,total,2007,2783785
KS,total,2005,2745299
IA,under18,1990,719366
MT,under18,1991,225259
TX,under18,1992,5109805
MO,total,1998,5521765
WI,under18,2006,1348785
AZ,total,2010,6408790
HI,total,2013,1404054
DC,total,1999,570220
ME,total,1993,1242302
SD,under18,2005,196476
CA,under18,2013,9174877
NJ,under18,1992,1890108
IL,total,2009,12796778
OR,total,2004,3569463
AR,under18,2009,707886
PR,under18,2006,998543
MI,total,2007,10001284
VA,under18,2002,1771247
KS,under18,1990,662641
IN,under18,2001,1579527
NC,total,1998,7809122
MT,total,2000,903773
AZ,under18,2012,1617149
OR,under18,2011,862518
MI,under18,1992,2501765
NH,total,1993,1129458
KY,under18,2012,1017350
NJ,under18,2005,2121878
FL,under18,2006,4022912
WA,total,1999,5842564
MD,under18,2002,1375354
PR,total,2006,3805214
TX,total,2003,22030931
CO,under18,1997,1030557
PR,total,1992,NaN
MS,under18,2008,760572
VA,total,2002,7286873
NJ,total,2008,8711090
RI,under18,1993,237218
UT,under18,2006,789957
NY,under18,2012,4264694
SD,under18,1998,204786
MN,total,2007,5207203
OR,under18,2009,866194
MA,total,2011,6606285
TN,total,2006,6088766
HI,under18,1997,309465
MD,total,1992,4923369
USA,under18,1990,64218512
AR,under18,2005,689787
TX,total,2006,23359580
ME,total,2011,1327844
WI,total,1993,5084889
OR,total,2005,3613202
NE,total,2008,1796378
WI,under18,1998,1362907
MO,total,1997,5481193
UT,total,2010,2774424
IL,total,1992,11694184
WY,total,1991,459260
AZ,total,2002,5396255
PA,total,2013,12773801
MS,under18,2007,761171
MI,under18,2002,2584310
WY,total,1995,485160
NE,under18,1991,434525
VA,total,2006,7673725
AZ,total,1997,4736990
ID,total,1992,1071685
MA,total,2008,6468967
LA,under18,2000,1217670
KS,total,2003,2723004
IA,under18,1997,729806
IL,under18,2000,3244944
HI,total,2003,1251154
NJ,total,2003,8601402
SC,total,1998,3919235
VT,under18,2003,142718
TN,under18,2003,1424861
SC,under18,2000,1010641
KS,total,2001,2702162
AZ,total,2005,5839077
CT,total,2009,3561807
OK,under18,1994,877803
VT,total,2008,624151
MA,total,2001,6397634
AL,under18,2002,1116590
MD,under18,2009,1353631
NC,under18,2012,2284122
OK,under18,2012,939911
HI,total,1990,1113491
AL,under18,2011,1125763
UT,under18,2007,815496
IL,total,2011,12855970
NM,under18,2007,508725
ID,total,1999,1275674
DE,total,2010,899711
NM,total,2004,1903808
AR,under18,1994,653842
NE,total,2012,1855350
RI,under18,2010,223088
GA,total,2001,8377038
IN,total,1993,5739019
CT,total,1994,3316121
AL,total,2004,4530729
PA,total,1999,12263805
NY,total,2003,19175939
NY,under18,2002,4652232
NE,total,2002,1728292
TN,total,2004,5910809
RI,under18,2013,213987
KY,total,2008,4289878
RI,under18,2006,237348
OR,under18,1992,770191
ND,under18,2005,148119
VA,under18,1997,1683766
VA,total,2010,8024417
AR,total,2013,2959373
NJ,under18,2010,2062013
UT,total,2009,2723421
UT,total,1993,1898404
WY,under18,2009,134960
MA,under18,2004,1479541
WV,total,2010,1854146
IA,total,2011,3064102
MS,total,2013,2991207
MA,total,2002,6417206
WY,under18,2003,124182
NM,total,2011,2077919
DC,total,1997,567739
KY,under18,2005,1004020
WA,total,2010,6742256
NE,total,2005,1761497
NM,total,1992,1595442
MT,total,1995,876553
NJ,under18,1990,1818187
VT,total,2006,622892
MT,under18,2007,223135
CT,total,2012,3591765
DE,under18,2010,205478
AR,under18,1998,683637
ME,under18,2010,273061
MO,total,1991,5170800
KY,under18,2008,1022001
DE,total,1990,669567
WI,total,2012,5724554
OR,under18,1991,752442
OK,total,2013,3850568
IL,total,1998,12271847
TN,under18,2006,1470166
MS,under18,2010,754111
RI,under18,2011,219783
TX,total,1990,17056755
MS,under18,1998,773721
MA,under18,2000,1501334
WV,under18,2002,393569
MD,under18,1997,1321306
NY,total,1990,18020784
ME,under18,2011,268737
VA,total,2001,7198362
NH,under18,2002,312743
OH,under18,2013,2649830
MD,total,1999,5254509
SC,under18,2011,1076524
CT,under18,2011,805109
CA,under18,1993,8624810
USA,total,2007,301231207
NC,under18,1992,1674144
OH,total,1992,11029431
NM,under18,2000,508132
AZ,total,1992,3915740
AL,total,1992,4154014
UT,total,1997,2119784
KY,under18,2010,1023679
DE,total,2007,871749
NH,under18,2005,307403
MA,total,1992,6028709
UT,under18,1994,673935
HI,under18,2011,305396
MO,under18,2008,1428945
KS,under18,2013,724092
AK,under18,1999,191422
LA,total,2011,4575197
NJ,total,2001,8492671
MN,under18,2006,1282381
ND,total,1990,637685
AL,under18,1994,1097180
TX,under18,2011,6931758
AK,total,1997,612968
CO,total,1990,3307618
SC,total,2008,4528996
MS,total,2006,2904978
NM,total,1995,1720394
CO,total,2010,5048196
SC,total,1990,3501155
PR,total,2001,3818774
PA,under18,1996,2937411
MN,total,1990,4389857
OH,under18,2002,2865674
AZ,under18,2006,1574867
TX,under18,2000,5906301
NJ,total,2006,8661679
FL,total,2003,17004085
CA,total,1999,33499204
VT,under18,1999,147859
WY,under18,2004,123974
MD,total,2006,5627367
CA,total,2008,36604337
AR,total,2010,2922280
WI,total,1998,5297673
NY,under18,2011,4294555
GA,total,1999,8045965
PR,under18,2007,973613
NE,under18,2003,447444
NH,total,2012,1321617
ME,total,2013,1328302
MN,under18,1990,1176680
MD,total,2000,5311034
CA,under18,1991,8245605
WV,total,2009,1847775
KS,under18,1996,696298
RI,under18,1997,242079
CT,total,2010,3579210
MS,under18,1996,769680
MI,total,2006,10036081
AZ,under18,2009,1627343
WY,under18,1999,130793
KS,total,1993,2556547
MD,under18,2010,1351983
NM,under18,1998,512801
KY,total,1995,3887427
PR,total,2003,3826095
NJ,total,2005,8651974
AZ,total,2007,6167681
CT,total,1992,3300712
OK,under18,2010,931483
OK,total,1999,3437148
WI,under18,2009,1342411
MD,under18,1992,1235498
TN,total,2010,6356683
AR,under18,1990,620933
KS,under18,2012,726668
MO,total,2013,6044171
OH,total,1993,11101140
MI,under18,2007,2470063
WY,under18,1990,136078
VT,under18,1995,151439
OR,total,1990,2860375
RI,total,1997,1025353
NM,total,2007,1990070
PR,under18,1999,NaN
ND,under18,2000,160477
KS,total,2010,2858910
NJ,under18,1999,2066678
GA,under18,2005,2353604
WA,under18,2013,1595795
MA,total,1999,6317345
PR,total,2012,3651545
ID,under18,2011,428535
NY,under18,1998,4652140
CT,under18,1999,834654
LA,total,1993,4316428
MA,under18,2013,1393946
MD,total,2012,5884868
USA,total,1995,266278403
KS,under18,2004,705456
MI,total,1998,9847942
MA,under18,2011,1407240
NV,total,2005,2432143
TX,under18,2010,6879014
RI,under18,1994,239100
IA,total,2013,3090416
IN,total,2006,6332669
OH,under18,2004,2836068
IA,under18,1994,728397
WA,total,2004,6178645
NC,under18,1995,1785150
OH,total,1995,11202751
UT,total,2005,2457719
ID,total,1997,1228520
ND,under18,1993,172168
MS,under18,1991,738911
IL,total,1990,11453316
KS,under18,2011,726787
AL,total,1994,4260229
USA,total,2013,316128839
MI,under18,1991,2484957
MI,total,2011,9874589
AK,total,2005,666946
CT,under18,2013,785566
MA,under18,2010,1415962
MN,under18,1994,1238949
NJ,total,2009,8755602
WY,under18,2006,125525
ME,under18,1994,311570
NV,under18,2000,516018
NE,under18,2012,462673
MS,total,2000,2848353
OH,total,2006,11481213
NV,under18,2011,659236
SD,under18,1990,199453
DC,under18,1995,123620
MO,total,2008,5923916
KY,under18,2001,994105
CT,total,1997,3349348
MI,under18,2012,2269365
AK,total,2002,642337
CT,total,1995,3324144
AK,under18,1991,182180
MN,under18,1995,1245932
MN,total,1996,4712827
ID,under18,1999,366689
WA,under18,1998,1494784
MS,total,2007,2928350
NH,total,2004,1290121
OK,under18,1993,870137
NV,under18,1990,316406
MI,total,1996,9758645
WY,total,2003,503453
IA,total,2002,2934234
MO,total,1990,5128880
MS,under18,2012,742941
AK,under18,2007,184344
MS,under18,2013,737432
USA,total,1990,249622814
TX,under18,2008,6675917
MS,total,2011,2977886
FL,under18,2004,3890734
AL,total,2001,4467634
NJ,under18,2008,2076366
MA,under18,1992,1390188
TX,under18,2007,6565872
AZ,under18,2013,1616814
TN,under18,2009,1494687
ND,total,2009,664968
IN,under18,1999,1566079
ND,under18,2010,150179
VA,total,2008,7833496
SC,total,1995,3748582
OR,under18,2012,859910
LA,under18,1994,1247631
OK,total,2002,3489080
PR,under18,1992,NaN
WA,under18,2011,1584709
OK,total,1996,3340129
